{"accuracy": [0.40720000863075256, 0.5501400232315063, 0.6101999878883362, 0.6415799856185913, 0.6673799753189087, 0.6878200173377991, 0.702180027961731, 0.7123000025749207, 0.7239000201225281, 0.7304999828338623, 0.7379400134086609, 0.7481200098991394, 0.7550399899482727, 0.7557200193405151, 0.7627400159835815, 0.7634000182151794, 0.772159993648529, 0.7719399929046631, 0.7767400145530701, 0.7786399722099304, 0.7789400219917297, 0.7858399748802185, 0.7862799763679504, 0.7905399799346924, 0.7912799715995789, 0.7938200235366821, 0.7947400212287903, 0.7927600145339966, 0.7974200248718262, 0.799839973449707, 0.8023999929428101, 0.8027799725532532, 0.8027999997138977, 0.8085799813270569, 0.8071200251579285, 0.8098599910736084, 0.8125200271606445, 0.8120999932289124, 0.8130999803543091, 0.8131200075149536], "loss": [1.7071020603179932, 1.270941138267517, 1.1215202808380127, 1.0369442701339722, 0.9669384360313416, 0.9099460244178772, 0.8773257732391357, 0.8419569730758667, 0.8135231733322144, 0.7875145077705383, 0.7706543803215027, 0.7421748638153076, 0.7264449000358582, 0.718313992023468, 0.6989814639091492, 0.6959157586097717, 0.6723302602767944, 0.6746566891670227, 0.6596591472625732, 0.6545464992523193, 0.6488182544708252, 0.6328791379928589, 0.6317821741104126, 0.6193231344223022, 0.6164384484291077, 0.6084768176078796, 0.6004082560539246, 0.6027186512947083, 0.5927515625953674, 0.5920524001121521, 0.5825797319412231, 0.5795708298683167, 0.5762288570404053, 0.564991295337677, 0.5675623416900635, 0.5586504936218262, 0.5553791522979736, 0.5564684867858887, 0.5506089925765991, 0.548961877822876], "val_accuracy": [0.5449000000953674, 0.5759000182151794, 0.5893999934196472, 0.6973000168800354, 0.7059000134468079, 0.7063999772071838, 0.753600001335144, 0.7390000224113464, 0.7405999898910522, 0.7246000170707703, 0.7932999730110168, 0.7888000011444092, 0.7576000094413757, 0.7867000102996826, 0.7890999913215637, 0.8062000274658203, 0.7922000288963318, 0.8098999857902527, 0.8102999925613403, 0.7904999852180481, 0.7930999994277954, 0.8009999990463257, 0.8059999942779541, 0.8003000020980835, 0.8108999729156494, 0.8199999928474426, 0.8185999989509583, 0.8285999894142151, 0.816100001335144, 0.829200029373169, 0.8389999866485596, 0.8256000280380249, 0.8062999844551086, 0.8371000289916992, 0.833299994468689, 0.8319000005722046, 0.8141999840736389, 0.8256999850273132, 0.8289999961853027, 0.8503000140190125], "val_loss": [1.2789899110794067, 1.2202872037887573, 1.2025927305221558, 0.8631299734115601, 0.8394055366516113, 0.8728354573249817, 0.7286205887794495, 0.7667760848999023, 0.7672136425971985, 0.8128176331520081, 0.6088647246360779, 0.6290125250816345, 0.7128423452377319, 0.6251741051673889, 0.621658444404602, 0.567015528678894, 0.6189848780632019, 0.5628117918968201, 0.5480715036392212, 0.6180537343025208, 0.6042871475219727, 0.5843701362609863, 0.5687220096588135, 0.6003618240356445, 0.557720422744751, 0.5286978483200073, 0.5318503975868225, 0.5072247982025146, 0.5370934009552002, 0.5114638209342957, 0.478685587644577, 0.5260480642318726, 0.5811540484428406, 0.4878327250480652, 0.48993128538131714, 0.498320609331131, 0.5422112941741943, 0.5132198333740234, 0.5055842995643616, 0.4449352025985718]}